start	end	recomb
1	10000	14.460810141264004
10001	20000	5.3031500432394365
20001	30000	0.011993325194364
30001	40000	0.08419158071724168
40001	50000	0.05320414644066714
50001	60000	0.13710888937326526
60001	70000	0.10719941159472
70001	80000	0.04180710200880572
80001	90000	0.033327496682796
90001	100000	0.1061154221580184
100001	110000	0.05725643758752
110001	120000	0.05725643758752
120001	130000	0.09140169545690548
130001	140000	0.42110102472457783
140001	150000	0.11455062904308
150001	160000	0.12462559509432919
160001	170000	1.0771545248660226
170001	180000	0.16976568240948142
180001	190000	0.15256803364419944
190001	200000	0.06611903611098377
200001	210000	0.2060059958302513
210001	220000	0.9478952218297926
220001	230000	0.05414283741951413
230001	240000	0.04716081617933327
240001	250000	0.0733499946533196
250001	260000	0.1455164610957108
260001	270000	0.3542149129656614
270001	280000	1.9932424302204
280001	290000	1.9932424302204
290001	300000	1.186590195254013
300001	310000	0.7377231540789885
310001	320000	0.9573305693995308
320001	330000	0.20182651589310327
330001	340000	0.569425505802819
340001	350000	0.44454483651510374
350001	360000	0.3025641033657684
360001	370000	0.16545687088033714
370001	380000	1.1434540591997917
380001	390000	0.7100995851299777
390001	400000	0.5440631244183267
400001	410000	1.2007759210046047
410001	420000	0.5857848743699716
420001	430000	3.381071363639068
430001	440000	0.3526335245155306
440001	450000	0.39412872218843015
450001	460000	0.34195129812185937
460001	470000	1.1142465531449153
470001	480000	0.7342236758326415
480001	490000	1.464018853039363
490001	500000	6.1047693259140745
500001	510000	19.454028860040005
510001	520000	19.454028860040005
520001	530000	19.4550152068096
530001	540000	6.222041491075015
540001	550000	0.7998326259584974
550001	560000	0.0486485556744
560001	570000	1.063491053333906
570001	580000	5.056753085277601
580001	590000	4.401090779282733
590001	600000	0.7073760529107634
600001	610000	0.4804595885157625
610001	620000	1.4177143864908175
620001	630000	0.6744205531799071
630001	640000	4.04979169516654
640001	650000	2.52113334979372
650001	660000	3.612186939712966
660001	670000	4.594709722487511
670001	680000	4.678513261614
680001	690000	4.678513261614
690001	700000	4.678513261614
700001	710000	3.5363502153482482
710001	720000	0.06743919513888
720001	730000	0.10611180355763711
730001	740000	0.4100938445862788
740001	750000	11.639956942631647
750001	760000	3.3499404023699637
760001	770000	8.937143034319828
770001	780000	1.6313480951841104
780001	790000	1.8216751168320215
790001	800000	2.5752930123323843
800001	810000	1.638104670873265
810001	820000	0.7984904592301151
820001	830000	2.198141889410647
830001	840000	5.108652718216922
840001	850000	5.269764701913445
850001	860000	2.994522370171974
860001	870000	1.3766747772023857
870001	880000	2.234078167588203
880001	890000	0.6236334274929899
890001	900000	1.776366707348016
900001	910000	1.9819384901170638
910001	920000	2.849467097923488
920001	930000	4.395401918578305
930001	940000	1.138541273478829
940001	950000	0.8268571429571613
950001	960000	1.7195683859821098
960001	970000	4.889695638622316
970001	980000	6.1851622668960005
980001	990000	3.147800274155997
990001	1000000	3.836309390271041
1000001	1010000	0.9093636867796631
1010001	1020000	15.670443970790652
1020001	1030000	4.31313424995087
1030001	1040000	1.8540261312917954
1040001	1050000	0.3815122782472517
1050001	1060000	0.13824833289946123
1060001	1070000	0.06318625693976275
1070001	1080000	1.939481175082333
1080001	1090000	7.292902322198242
1090001	1100000	5.003571945828389
1100001	1110000	5.789874587037623
1110001	1120000	7.744397016948
1120001	1130000	13.630344281885165
1130001	1140000	2.649025901321928
1140001	1150000	8.536484818192145
1150001	1160000	11.142846289995088
1160001	1170000	5.072094946650481
1170001	1180000	4.933729409564401
1180001	1190000	3.1499740566618972
1190001	1200000	0.8846173864973492
1200001	1210000	0.11740913619468
1210001	1220000	0.11740913619468
1220001	1230000	1.7961284625931455
1230001	1240000	4.0044292145927045
1240001	1250000	6.727202904737838
1250001	1260000	6.677744361398262
1260001	1270000	2.1030797477223304
1270001	1280000	13.632997526650385
1280001	1290000	14.13209497874993
1290001	1300000	9.260747968091177
1300001	1310000	14.981813520216004
1310001	1320000	14.981813520216004
1320001	1330000	9.173475037261644
1330001	1340000	2.461387862789205
1340001	1350000	8.13423769277405
1350001	1360000	8.706581310996
1360001	1370000	1.820603845432928
1370001	1380000	1.0646129941993214
1380001	1390000	1.3319313743091752
1390001	1400000	1.1998942808125816
1400001	1410000	2.6857562382684
1410001	1420000	2.7126937201963184
1420001	1430000	3.1335171132228
1430001	1440000	3.9445741286487115
1440001	1450000	1.5524354590972882
1450001	1460000	0.6023762690413152
1460001	1470000	0.9734985948913556
1470001	1480000	1.7881302403885528
1480001	1490000	2.0277040218173568
1490001	1500000	2.187033967929524
1500001	1510000	4.762956281150719
1510001	1520000	8.445302377245302
1520001	1530000	13.539777277528833
1530001	1540000	4.3456920207721685
1540001	1550000	3.825545514396
1550001	1560000	8.245085681323552
1560001	1570000	6.479328239131375
1570001	1580000	12.174337495394717
1580001	1590000	7.870602804396001
1590001	1600000	7.870602804396001
1600001	1610000	3.28280840937668
1610001	1620000	1.2231894437591941
1620001	1630000	2.1270029338588996
1630001	1640000	2.5772071043175546
1640001	1650000	2.7128990149438965
1650001	1660000	4.078918960768385
1660001	1670000	6.697014442626631
1670001	1680000	1.7627614990952751
1680001	1690000	1.1116500864226182
1690001	1700000	1.3093550822246534
1700001	1710000	0.8488687558308
1710001	1720000	0.8488687558308
1720001	1730000	0.5379237128280789
1730001	1740000	0.7157695198204516
1740001	1750000	0.35869473193449586
1750001	1760000	0.19601332992135798
1760001	1770000	0.16488190347074755
1770001	1780000	0.1865657264752946
1780001	1790000	2.51924676042249
1790001	1800000	0.6440829336259428
1800001	1810000	0.17515758003313853
1810001	1820000	0.3385873233080069
1820001	1830000	0.49210096460148706
1830001	1840000	0.14182260064156416
1840001	1850000	0.11185392418308
1850001	1860000	0.17397080391085928
1860001	1870000	0.6173913863271927
1870001	1880000	0.40254320385031345
1880001	1890000	2.1477238730440646
1890001	1900000	7.210731298079667
1900001	1910000	8.411431526893665
1910001	1920000	3.9087933866994278
1920001	1930000	9.069013627865015
1930001	1940000	3.370742868875899
1940001	1950000	6.763830316010696
1950001	1960000	7.799183240523269
1960001	1970000	7.226521012015778
1970001	1980000	4.972584590295535
1980001	1990000	2.9436142379444314
1990001	2000000	1.5579758527156904
2000001	2010000	2.5787684745883057
2010001	2020000	7.430245640946716
2020001	2030000	8.479712288111386
2030001	2040000	6.014554716160612
2040001	2050000	2.6369303257088164
2050001	2060000	5.057130073830176
2060001	2070000	13.646717600507264
2070001	2080000	9.21976061608936
2080001	2090000	5.29929247133415
2090001	2100000	4.542140163340161
2100001	2110000	2.3764117138703007
2110001	2120000	5.748927049185757
2120001	2130000	6.79468529785296
2130001	2140000	0.40904697998424
2140001	2150000	0.40904697998424
2150001	2160000	0.40904697998424
2160001	2170000	0.4344590869883237
2170001	2180000	0.51331237669128
2180001	2190000	0.6343253374841352
2190001	2200000	1.7222250404872048
2200001	2210000	2.9828871290897196
2210001	2220000	0.5151003135870925
2220001	2230000	0.22174729701027263
2230001	2240000	3.6711074254176825
2240001	2250000	0.37554493746134454
2250001	2260000	0.5285420373437588
2260001	2270000	1.5754052964236067
2270001	2280000	1.0816701259801749
2280001	2290000	0.7184929846221311
2290001	2300000	4.610850303613913
2300001	2310000	2.591250561627842
2310001	2320000	2.239030812225089
2320001	2330000	2.611002015460393
2330001	2340000	3.147611419599912
2340001	2350000	3.782213927645675
2350001	2360000	5.031020582769085
2360001	2370000	1.8549159629943286
2370001	2380000	0.6501812857273632
2380001	2390000	1.882789873527535
2390001	2400000	3.7112194885072993
2400001	2410000	3.504988304769207
2410001	2420000	6.306523348555396
2420001	2430000	4.036134610941753
2430001	2440000	5.10480039280521
2440001	2450000	8.607972182618376
2450001	2460000	6.0569904737368265
2460001	2470000	7.085064285295623
2470001	2480000	6.359130397293937
2480001	2490000	4.0230747120081825
2490001	2500000	4.850019257327208
2500001	2510000	3.5955646796363423
2510001	2520000	5.791180773790598
2520001	2530000	1.9664985609146053
2530001	2540000	1.1285473877424725
2540001	2550000	2.2782773867667965
2550001	2560000	3.4037759393221236
2560001	2570000	1.7179627981116
2570001	2580000	3.528646636734618
2580001	2590000	5.575337244906231
2590001	2600000	1.65901225817061
2600001	2610000	2.5700136656772004
2610001	2620000	2.5700136656772004
2620001	2630000	2.5700136656772004
2630001	2640000	1.0200665278866452
2640001	2650000	1.277206290426467
2650001	2660000	7.182321221135393
2660001	2670000	2.0976620838388773
2670001	2680000	0.45843864396458944
2680001	2690000	0.41500697602478187
2690001	2700000	0.40685613920210845
2700001	2710000	0.724415070925111
2710001	2720000	0.9186910182676425
2720001	2730000	0.9495119504353784
2730001	2740000	6.419066604434625
2740001	2750000	1.321887960891378
2750001	2760000	3.1275919618451318
2760001	2770000	1.3242978226488
2770001	2780000	0.7348337462493357
2780001	2790000	1.0756343406675566
2790001	2800000	1.1214280146403854
2800001	2810000	1.3902344030528622
2810001	2820000	0.9358878269554263
2820001	2830000	1.1718997882002478
2830001	2840000	0.7685238140376297
2840001	2850000	0.25370008474845007
2850001	2860000	0.7918071244269901
2860001	2870000	0.30442475582946515
2870001	2880000	0.16753886995761857
2880001	2890000	0.12099724763297474
2890001	2900000	0.25561112622112475
2900001	2910000	0.12086062285662755
2910001	2920000	0.044413342430925026
2920001	2930000	0.0174653755203477
2930001	2940000	0.046695602014788
2940001	2950000	1.7208061117583295
2950001	2960000	0.738333609240032
2960001	2970000	0.0034942822893936
2970001	2980000	0.0034942822893936
2980001	2990000	0.0034942822893936
2990001	3000000	0.0067813493350851175
3000001	3010000	0.009882344629956
3010001	3020000	3.161668769848034
3020001	3030000	3.9334808352274058
3030001	3040000	0.0049574064782352
3040001	3050000	0.0049574064782352
3050001	3060000	0.21782136459716997
3060001	3070000	0.0013016455018248
3070001	3080000	0.0013016455018248
3080001	3090000	0.0013016455018248
3090001	3100000	0.0013016455018248
3100001	3110000	0.00829663873375413
3110001	3120000	0.009773433824735915
3120001	3130000	6.715873783344e-4
3130001	3140000	6.715873783344e-4
3140001	3150000	6.715873783344e-4
3150001	3160000	6.715873783344e-4
3160001	3170000	6.715873783344e-4
3170001	3180000	0.005746287066815634
3180001	3190000	0.016590607449239524
3190001	3200000	0.016589588957748
3200001	3210000	0.016589588957748
3210001	3220000	0.010412450617507984
3220001	3230000	0.0044292837984528
3230001	3240000	0.0044292837984528
3240001	3250000	0.01255391039735177
3250001	3260000	7.690462919748e-4
3260001	3270000	0.33566974361751445
3270001	3280000	0.0034338761005296
3280001	3290000	0.0034338761005296
3290001	3300000	0.0034338761005296
3300001	3310000	0.0034338761005296
3310001	3320000	0.0034338761005296
3320001	3330000	0.0034338761005296
3330001	3340000	0.0034338761005296
3340001	3350000	0.0034338761005296
3350001	3360000	0.0034338761005296
3360001	3370000	0.003584368066768521
3370001	3380000	0.010873815947795075
3380001	3390000	0.01095131843646
3390001	3400000	0.01095131843646
3400001	3410000	0.005224807579227445
3410001	3420000	0.0030439325777736
3420001	3430000	0.0030439325777736
3430001	3440000	0.0053522250393162165
3440001	3450000	0.008565813317304
3450001	3460000	0.008586453033356884
3460001	3470000	0.00859709509368
3470001	3480000	1.6551420163912063
3480001	3490000	6.3955052459760005
3490001	3500000	1.1414800179499218
3500001	3510000	0.0014134508853204
3510001	3520000	0.0014134508853204
3520001	3530000	0.0014918712622053675
3530001	3540000	0.006682428219529018
3540001	3550000	0.007337194583088
3550001	3560000	0.007337194583088
3560001	3570000	0.007337194583088
3570001	3580000	0.007337194583088
3580001	3590000	0.03792595637294751
3590001	3600000	0.039932266225908
3600001	3610000	0.0031095711507171495
3610001	3620000	0.0014183588881656
3620001	3630000	0.0014183588881656
3630001	3640000	0.0014183588881656
3640001	3650000	0.0014183588881656
3650001	3660000	0.011421303007181752
3660001	3670000	0.01852992576006731
3670001	3680000	0.00598398808434
3680001	3690000	0.12068456222349506
3690001	3700000	0.03635967162738
3700001	3710000	0.03635967162738
3710001	3720000	0.0985081553877767
3720001	3730000	0.6548139922208783
3730001	3740000	0.2045459869827441
3740001	3750000	0.6109528377344515
3750001	3760000	0.06877679559086419
3760001	3770000	0.1227396655530413
3770001	3780000	0.11106037444419949
3780001	3790000	0.2509892798974208
3790001	3800000	0.5209100340450127
3800001	3810000	0.5246529418219542
3810001	3820000	0.6041697568344
3820001	3830000	2.533488291783616
3830001	3840000	1.2268312488025281
3840001	3850000	0.17895872791932002
3850001	3860000	0.37302786820219447
3860001	3870000	6.63510916378306
3870001	3880000	0.047403217370052
3880001	3890000	1.3418206221799904
3890001	3900000	0.6857676141332283
3900001	3910000	1.5411967932743815
3910001	3920000	1.7932876210156865
3920001	3930000	1.0176285459696002
3930001	3940000	0.7422227075340119
3940001	3950000	0.20312235851754637
3950001	3960000	0.5033134046459143
3960001	3970000	0.8799887299152002
3970001	3980000	1.3808496986296552
3980001	3990000	1.4152115612267684
3990001	4000000	1.010088909213306
4000001	4010000	0.21553650056813065
4010001	4020000	0.539978749171501
4020001	4030000	0.18304197718403106
4030001	4040000	0.25721703607823554
4040001	4050000	0.5746145171599422
4050001	4060000	0.8260959225026415
4060001	4070000	0.7908821314683558
4070001	4080000	1.1906491297872
4080001	4090000	1.1906491297872
4090001	4100000	1.590819037385775
4100001	4110000	2.4237983281680004
4110001	4120000	1.850428419584015
4120001	4130000	9.961814877621807
4130001	4140000	0.2073476745629477
4140001	4150000	0.744219542514446
4150001	4160000	0.7444523436516001
4160001	4170000	0.7444523436516001
4170001	4180000	0.7442953253144217
4180001	4190000	0.6961007696113419
4190001	4200000	0.19974787264929758
4200001	4210000	0.5230344427757584
4210001	4220000	1.3915155233946088
4220001	4230000	2.8097711903276776
4230001	4240000	4.192301341669389
4240001	4250000	0.6599344285307722
4250001	4260000	0.82384333473
4260001	4270000	0.7047516305278275
4270001	4280000	0.09050680851132
4280001	4290000	0.09050680851132
4290001	4300000	0.191071579702537
4300001	4310000	0.21775891744500003
4310001	4320000	0.21775891744500003
4320001	4330000	0.2060116698051566
4330001	4340000	0.10596701261963123
4340001	4350000	0.10582999358503561
4350001	4360000	0.10591285685329177
4360001	4370000	0.1059265669008
4370001	4380000	1.1195913504451613
4380001	4390000	0.037346047575320014
4390001	4400000	0.023265012168192
4400001	4410000	0.02326238611699933
4410001	4420000	0.023260866469876625
4420001	4430000	0.023260697440416
4430001	4440000	0.023260697440416
4440001	4450000	0.023260697440416
4450001	4460000	0.023260697440416
4460001	4470000	0.023260697440416
4470001	4480000	0.12634534796512512
4480001	4490000	10.893721922815992
4490001	4500000	0.3752313851151924
4500001	4510000	0.665399020472234
4510001	4520000	3.1346729878036874
4520001	4530000	0.035110498846029584
4530001	4540000	0.03459838293256571
4540001	4550000	0.002657477744341109
4550001	4560000	6.029292725988e-4
4560001	4570000	0.00487552949742088
4570001	4580000	0.38228580684025193
4580001	4590000	0.5821646451768001
4590001	4600000	0.5821646451768001
4600001	4610000	0.8315484030032567
4610001	4620000	1.1524889519226307
4620001	4630000	0.7588478153307985
4630001	4640000	1.427948435368695
4640001	4650000	1.9189869063453844
4650001	4660000	1.6551171800629159
4660001	4670000	3.0471395800942878
4670001	4680000	1.5417372974430403
4680001	4690000	1.1406522216828
4690001	4700000	0.998147372078465
4700001	4710000	2.112060109297528
4710001	4720000	3.5082605134131546
4720001	4730000	0.9512522478824824
4730001	4740000	2.2038071593410367
4740001	4750000	2.6798015525790833
4750001	4760000	2.9553727901712
4760001	4770000	4.994521173289222
4770001	4780000	0.8756326174276943
4780001	4790000	2.1252622076357293
4790001	4800000	6.174028392328028
4800001	4810000	1.5838822268880095
4810001	4820000	0.8349730509797478
4820001	4830000	0.9111537035899947
4830001	4840000	1.5336683645628584
4840001	4850000	4.709864170715773
4850001	4860000	4.446956340935147
4860001	4870000	3.691254665993037
4870001	4880000	5.41498335888
4880001	4890000	5.41498335888
4890001	4900000	4.247864580839116
4900001	4910000	2.3071007283375247
4910001	4920000	5.236157567723465
4920001	4930000	5.2889393737236
4930001	4940000	5.2889393737236
4940001	4950000	5.2889393737236
4950001	4960000	4.666269906574559
4960001	4970000	5.006128916072
4970001	4980000	6.512002895928001
4980001	4990000	6.512002895928001
4990001	5000000	4.2348117472722135
5000001	5010000	1.537302918652279
5010001	5020000	0.4026328561485698
5020001	5030000	0.11437056790221387
5030001	5040000	1.035172502013409
5040001	5050000	1.7390962214968497
5050001	5060000	5.484616922090853
5060001	5070000	1.0872907589729859
5070001	5080000	0.8794116027146978
5080001	5090000	4.331717539778466
5090001	5100000	7.534113985616998
5100001	5110000	7.867093069987521
5110001	5120000	1.046804767551332
5120001	5130000	6.985667375539121
5130001	5140000	1.1873411790168213
5140001	5150000	10.030329152014065
5150001	5160000	19.890795387936638
5160001	5170000	1.38325658214625
5170001	5180000	3.6625260380904905
5180001	5190000	0.8317177129212
5190001	5200000	1.8659126184328676
5200001	5210000	2.8126631689800003
5210001	5220000	2.8123447582503607
5220001	5230000	0.7894510975280085
5230001	5240000	1.3512648712488
5240001	5250000	1.3512648712488
5250001	5260000	1.503043289754395
5260001	5270000	3.416127570297836
5270001	5280000	1.1202973101959823
5280001	5290000	0.0044763143312112
5290001	5300000	0.0044763143312112
5300001	5310000	1.7668969255108322
5310001	5320000	2.875766062704
5320001	5330000	2.854589589122371
5330001	5340000	1.2572725123784256
5340001	5350000	1.3665960267034012
5350001	5360000	1.4672771143260002
5360001	5370000	2.489140603361762
5370001	5380000	3.863928870476211
5380001	5390000	1.4739150101916216
5390001	5400000	1.0747320059624967
5400001	5410000	0.7707796087317303
5410001	5420000	0.07509244353156001
5420001	5430000	1.137736688931566
5430001	5440000	4.292091683945745
5440001	5450000	3.276678880131083
5450001	5460000	2.4091282537296
5460001	5470000	2.579301591835122
5470001	5480000	1.4625582227631266
5480001	5490000	1.325838115743902
5490001	5500000	0.5443523950946311
5500001	5510000	3.2159925149582613
5510001	5520000	3.833431812022679
5520001	5530000	2.5658164009714524
5530001	5540000	3.6034650818924665
5540001	5550000	6.332406688553194
5550001	5560000	3.296660778180684
5560001	5570000	3.8071951767208314
5570001	5580000	4.057522096285319
5580001	5590000	2.2021165249499735
5590001	5600000	5.285750924732375
5600001	5610000	5.3705955968843995
5610001	5620000	5.3705955968843995
5620001	5630000	2.6943664123806714
5630001	5640000	3.164996331541867
5640001	5650000	0.21959684154078493
5650001	5660000	0.2985984543257667
5660001	5670000	1.0594997829010353
5670001	5680000	1.648926021079568
5680001	5690000	0.4621848756136771
5690001	5700000	3.5941342265662732
5700001	5710000	0.8110070195964001
5710001	5720000	2.499171590363482
5720001	5730000	0.8475355588821031
5730001	5740000	1.18115616668669
5740001	5750000	0.8001864584458668
5750001	5760000	4.2821780677868775
5760001	5770000	2.0876674662166934
5770001	5780000	1.5159423518166881
5780001	5790000	4.935600091073247
5790001	5800000	2.2849311122899945
5800001	5810000	3.657744737226333
5810001	5820000	1.9445277297691554
5820001	5830000	3.666953089017263
5830001	5840000	0.2838970853825464
5840001	5850000	0.11979662673582289
5850001	5860000	0.6722937877232855
5860001	5870000	1.4830675482819902
5870001	5880000	1.7487088589656177
5880001	5890000	1.3226609567774283
5890001	5900000	0.16250900399061413
5900001	5910000	0.5256435301846867
5910001	5920000	9.492423147907932
5920001	5930000	12.21605720232227
5930001	5940000	0.9645573943248
5940001	5950000	1.5613007226123006
5950001	5960000	2.2891788215568
5960001	5970000	1.33534210728863
5970001	5980000	0.6148382588879959
5980001	5990000	0.28830212758413215
5990001	6000000	0.19253704624921783
6000001	6010000	1.2531576546585097
6010001	6020000	0.1979817280411842
6020001	6030000	0.17857040241948
6030001	6040000	0.36610194591995066
6040001	6050000	0.08391492619713246
6050001	6060000	0.26555510458000475
6060001	6070000	0.15569901531552133
6070001	6080000	0.3662100697619696
6080001	6090000	0.7478144491096418
6090001	6100000	0.7605714654794724
6100001	6110000	1.0581888165085485
6110001	6120000	0.32862203148833646
6120001	6130000	0.12214375165026628
6130001	6140000	0.32051526561877025
6140001	6150000	0.36253421455896
6150001	6160000	1.026754979417598
6160001	6170000	0.12500845049016002
6170001	6180000	0.5844642974606923
6180001	6190000	0.22922015008643018
6190001	6200000	0.22414866630478292
6200001	6210000	0.7500705075414515
6210001	6220000	0.8240590711188001
6220001	6230000	2.661242182523348
6230001	6240000	1.882785204452707
6240001	6250000	1.7103372934185177
6250001	6260000	0.7464561652549657
6260001	6270000	1.0304283369325702
6270001	6280000	0.5684574917722343
6280001	6290000	0.7508557448494062
6290001	6300000	2.0135320007209963
6300001	6310000	0.7974499577728764
6310001	6320000	1.2261847750275452
6320001	6330000	1.997518590532518
6330001	6340000	1.1217509195904765
6340001	6350000	2.7226910113313156
6350001	6360000	3.6594138244061685
6360001	6370000	1.1389821707005896
6370001	6380000	1.390690696302
6380001	6390000	0.854795530624798
6390001	6400000	0.5519076166476001
6400001	6410000	2.8407467537094444
6410001	6420000	3.3589935663471335
6420001	6430000	1.5330956060242427
6430001	6440000	1.3882197433926726
6440001	6450000	0.7314632623450457
6450001	6460000	0.19200538603200001
6460001	6470000	0.8538556707322739
6470001	6480000	0.20781433502424634
6480001	6490000	0.14534394565864675
6490001	6500000	1.386024154684177
6500001	6510000	0.23914543359278756
6510001	6520000	0.09259491222725666
6520001	6530000	0.13266854921431975
6530001	6540000	0.04213123316677538
6540001	6550000	0.09690306505926918
6550001	6560000	0.18641666287811504
6560001	6570000	0.34481153709730644
6570001	6580000	0.03743035929769004
6580001	6590000	0.03907627908612704
6590001	6600000	0.019217778313764818
6600001	6610000	0.11702870621519643
6610001	6620000	0.5930313738605865
6620001	6630000	0.007668843010806451
6630001	6640000	0.09369090142888153
6640001	6650000	5.178393752343554
6650001	6660000	0.04999813513747121
6660001	6670000	0.032733383801330215
6670001	6680000	0.17722233044679067
6680001	6690000	0.47854482828707856
6690001	6700000	0.6208353928692
6700001	6710000	4.511575412201275
6710001	6720000	0.3315224597799316
6720001	6730000	0.7143869203174178
6730001	6740000	1.8467574222252
6740001	6750000	1.2780695293831417
6750001	6760000	1.4724488333329577
6760001	6770000	2.095873147544223
6770001	6780000	2.3603788100116536
6780001	6790000	1.9392662644246346
6790001	6800000	3.0574200284758764
6800001	6810000	3.0578475748512
6810001	6820000	2.39931544902784
6820001	6830000	1.9454229354652424
6830001	6840000	2.643237130938489
6840001	6850000	1.8107979362055922
6850001	6860000	0.8623734697589073
6860001	6870000	1.4844210077316478
6870001	6880000	1.8897605783693392
6880001	6890000	0.96702987691303
6890001	6900000	0.3370364701863079
6900001	6910000	1.7099244494781531
6910001	6920000	1.052261427944494
6920001	6930000	1.5302182057584002
6930001	6940000	1.5302182057584002
6940001	6950000	1.3508935705860876
6950001	6960000	2.3397525019752994
6960001	6970000	2.887566926769106
6970001	6980000	2.4163552167260365
6980001	6990000	1.1991190434255754
6990001	7000000	1.3851424870935771
7000001	7010000	6.553512401184406
7010001	7020000	1.9493805504822443
7020001	7030000	2.2011903200921896
7030001	7040000	1.986303641959251
7040001	7050000	0.5926713557256212
7050001	7060000	1.5021344042138773
7060001	7070000	0.8047514307247171
7070001	7080000	1.3599467636874387
7080001	7090000	1.377051389834332
7090001	7100000	4.4257773685866315
7100001	7110000	3.537911570786867
7110001	7120000	0.9889768216176349
7120001	7130000	1.942582078786369
7130001	7140000	2.5614449776724943
7140001	7150000	1.8798600676568018
7150001	7160000	1.986345923055506
7160001	7170000	0.39924786537441453
7170001	7180000	2.8698160638877375
7180001	7190000	1.937759649397662
7190001	7200000	1.7824934028962203
7200001	7210000	0.37986508129940383
7210001	7220000	0.8861097186965465
7220001	7230000	0.50742277327704
7230001	7240000	1.7815618968559948
7240001	7250000	2.6947539558360583
7250001	7260000	2.396145054475701
7260001	7270000	2.83881802401018
7270001	7280000	7.869414593087453
7280001	7290000	1.2575850065375616
7290001	7300000	3.078506955275924
7300001	7310000	3.078827938662
7310001	7320000	7.390204298402583
7320001	7330000	3.110082740438552
7330001	7340000	0.7704673184434285
7340001	7350000	0.9346971481618811
7350001	7360000	1.4204574746744625
7360001	7370000	5.64851941822282
7370001	7380000	1.7985751645749197
7380001	7390000	0.8650119818853729
7390001	7400000	1.7844883754244054
7400001	7410000	1.5076198190316
7410001	7420000	3.0409721998992567
7420001	7430000	2.6048772647757663
7430001	7440000	3.7286259417276
7440001	7450000	4.434415681735415
7450001	7460000	3.3999869557322295
7460001	7470000	2.3812274063509165
7470001	7480000	2.4625769440548
7480001	7490000	2.4625769440548
7490001	7500000	2.4625769440548
7500001	7510000	2.4625769440548
7510001	7520000	1.515853937651092
7520001	7530000	2.339749814978616
7530001	7540000	1.7597927560425248
7540001	7550000	1.6613054917575352
7550001	7560000	2.6237107440936285
7560001	7570000	1.5374449864577335
7570001	7580000	1.9969638829272005
7580001	7590000	1.9969638829272005
7590001	7600000	1.9969638829272005
7600001	7610000	1.9969638829272005
7610001	7620000	1.1456153315839166
7620001	7630000	0.46950286868735125
7630001	7640000	1.0662786225855387
7640001	7650000	1.6356593657844
7650001	7660000	1.4978726386426224
7660001	7670000	2.2803687730737647
7670001	7680000	1.7314710296215519
7680001	7690000	0.9513403184878415
7690001	7700000	1.4183575770276968
7700001	7710000	7.107248053650388
7710001	7720000	4.083653743473419
7720001	7730000	4.1201020935435055
7730001	7740000	3.154967067626459
7740001	7750000	3.2181319721866335
7750001	7760000	2.6278310178756006
7760001	7770000	8.815174169318476
7770001	7780000	3.240715586363963
7780001	7790000	3.307595792339438
7790001	7800000	2.2334176097327854
7800001	7810000	2.48146305226467
7810001	7820000	1.5156851681528023
7820001	7830000	1.4880289841766363
7830001	7840000	1.5401420796432002
7840001	7850000	1.5401420796432002
7850001	7860000	1.5401420796432002
7860001	7870000	1.5401420796432002
7870001	7880000	1.5401420796432002
7880001	7890000	1.0826441423364657
7890001	7900000	0.5330251079993221
7900001	7910000	0.37852028096904
7910001	7920000	0.6089728788948388
7920001	7930000	0.48329382187186287
7930001	7940000	0.008659114967540463
7940001	7950000	0.05636937863680747
7950001	7960000	0.2164904435703121
7960001	7970000	0.5057006837654109
7970001	7980000	0.7603090868834136
7980001	7990000	0.577185932572801
7990001	8000000	0.23149695022366382
8000001	8010000	0.026195551758386598
8010001	8020000	1.1499600856583652
8020001	8030000	0.297124655500402
8030001	8040000	0.6006101064192
8040001	8050000	0.6006101064192
8050001	8060000	2.998490058999247
8060001	8070000	1.2948943066011982
8070001	8080000	0.7629131550773747
8080001	8090000	2.8987419881112
8090001	8100000	1.7777804904673882
8100001	8110000	3.9331655148675284
8110001	8120000	3.1585045528536964
8120001	8130000	2.9495786662892227
8130001	8140000	1.2952309675506506
8140001	8150000	1.3624831634664
8150001	8160000	1.236338728211336
8160001	8170000	3.437867616902054
8170001	8180000	3.094313982056948
8180001	8190000	2.7063156734176177
8190001	8200000	1.7589037522283026
8200001	8210000	1.2429349648408958
8210001	8220000	1.1652972078421844
8220001	8230000	0.6947251060332
8230001	8240000	1.9293286934364686
8240001	8250000	1.6494858154792418
8250001	8260000	1.4248831691587318
8260001	8270000	1.5062918590837588
8270001	8280000	0.7172369937942521
8280001	8290000	3.5020998302151742
8290001	8300000	5.1761707040607465
8300001	8310000	1.5686164190642238
8310001	8320000	0.9913013990051702
8320001	8330000	1.0152215690930906
8330001	8340000	0.18870609945072367
8340001	8350000	0.15911963010022212
8350001	8360000	0.37067490907466927
8360001	8370000	0.39072017375568
8370001	8380000	0.39072017375568
8380001	8390000	0.935273011686404
8390001	8400000	0.19474041710869022
8400001	8410000	0.032195364969788004
8410001	8420000	0.8942273315760001
8420001	8430000	0.8942273315760001
8430001	8440000	0.8942273315760001
8440001	8450000	3.5727017477807856
8450001	8460000	0.08235197301468002
8460001	8470000	0.08235197301468002
8470001	8480000	0.26365160945833926
8480001	8490000	0.34672282634324264
8490001	8500000	0.45831520661435765
8500001	8510000	1.2515536643159149
8510001	8520000	2.8304955192708516
8520001	8530000	1.5146589441837244
8530001	8540000	0.5809931663825446
8540001	8550000	0.11936841837336704
8550001	8560000	0.02757806173082355
8560001	8570000	0.16358073032376072
8570001	8580000	0.5781735219840001
8580001	8590000	1.1750165150897116
8590001	8600000	1.4989577225639663
8600001	8610000	1.2397132315002455
8610001	8620000	1.4755593313734467
8620001	8630000	0.9146848048537323
8630001	8640000	8.06275495373602
8640001	8650000	0.932519649866386
8650001	8660000	0.6577853731904268
8660001	8670000	1.2916943723439889
8670001	8680000	7.653531897261897
8680001	8690000	3.7570952275235836
8690001	8700000	3.188480569634896
8700001	8710000	11.501944729973221
8710001	8720000	5.286189279500186
8720001	8730000	5.888651255215807
8730001	8740000	0.9250336287264794
8740001	8750000	1.6321414010328905
8750001	8760000	0.6072968450032367
8760001	8770000	1.451363815799908
8770001	8780000	2.1536799324349367
8780001	8790000	2.8043573180112
8790001	8800000	1.3050755000637049
8800001	8810000	1.992595221054
8810001	8820000	5.4394767028530175
8820001	8830000	1.9458550036753255
8830001	8840000	1.18989569741635
8840001	8850000	1.2507297783732578
8850001	8860000	1.4209939032052155
8860001	8870000	1.2003130628971104
8870001	8880000	0.7578035827127303
8880001	8890000	2.7755020246948647
8890001	8900000	1.4128576102512005
8900001	8910000	1.4128576102512005
8910001	8920000	2.509347153106155
8920001	8930000	1.7745798178523882
8930001	8940000	0.30803829217871453
8940001	8950000	0.3865996087296
8950001	8960000	0.8907348436740469
8960001	8970000	0.7438843782361955
8970001	8980000	0.7691292217437892
8980001	8990000	0.3302289917659307
8990001	9000000	1.234620465755343
9000001	9010000	1.3571087601222775
9010001	9020000	0.5633383121267909
9020001	9030000	1.1129849937293852
9030001	9040000	0.8450762665245773
9040001	9050000	4.582051584037055
9050001	9060000	1.3459236751283161
9060001	9070000	1.2197182770844364
9070001	9080000	0.5815275664518847
9080001	9090000	0.7458546301788
9090001	9100000	0.4200791073391862
9100001	9110000	0.9404175883589334
9110001	9120000	1.2760268056548
9120001	9130000	1.2760268056548
9130001	9140000	1.1972841078181646
9140001	9150000	1.5944524211052438
9150001	9160000	0.9264853124145497
9160001	9170000	1.1900650434701376
9170001	9180000	2.1198114476327956
9180001	9190000	1.1492034291072852
9190001	9200000	2.156176949536082
9200001	9210000	4.0171635187749635
9210001	9220000	3.5944858067657757
9220001	9230000	3.689924313528434
9230001	9240000	1.9225517640976943
9240001	9250000	1.0553899712552732
9250001	9260000	0.8240808157287768
9260001	9270000	1.6287018672456
9270001	9280000	2.338839078419884
9280001	9290000	2.946459894758216
9290001	9300000	1.5539094677262304
9300001	9310000	1.4266568426432162
9310001	9320000	0.8499078576982398
9320001	9330000	0.8914646129990479
9330001	9340000	1.656855465984
9340001	9350000	1.656855465984
9350001	9360000	2.63724294930978
9360001	9370000	2.2022409670924254
9370001	9380000	2.4929820680641814
9380001	9390000	3.0241387641012003
9390001	9400000	3.0241387641012003
9400001	9410000	2.9274242316114862
9410001	9420000	3.685839466897568
9420001	9430000	3.6912571361745163
9430001	9440000	1.4661698041632039
9440001	9450000	2.225653971187285
9450001	9460000	5.225100479128853
9460001	9470000	1.4448018213892744
9470001	9480000	2.536144902575217
9480001	9490000	6.929304306112823
9490001	9500000	3.0141070220220003
9500001	9510000	3.002242314547849
9510001	9520000	3.5181750944532
9520001	9530000	3.5181750944532
9530001	9540000	3.5181750944532
9540001	9550000	3.5181750944532
9550001	9560000	1.0664012714192805
9560001	9570000	1.9529508118916705
9570001	9580000	2.1020814383700004
9580001	9590000	2.079496993607324
9590001	9600000	1.8061534327070172
9600001	9610000	1.7414982212809422
9610001	9620000	1.8718192434482037
9620001	9630000	1.7842112416459097
9630001	9640000	1.8546800714333989
9640001	9650000	1.8468263985421134
9650001	9660000	1.9689600052426872
9660001	9670000	0.8752142020950672
9670001	9680000	1.8060647601971325
9680001	9690000	1.2920991666204
9690001	9700000	2.2075679515783055
9700001	9710000	1.6423471938372
9710001	9720000	0.9632201598696147
9720001	9730000	1.0040186090448793
9730001	9740000	0.5061456112718921
9740001	9750000	0.5350549139720575
9750001	9760000	0.5509126970532551
9760001	9770000	1.3691170574220002
9770001	9780000	1.3691170574220002
9780001	9790000	2.916808136780699
9790001	9800000	1.5380072866355579
9800001	9810000	8.040034602599205
9810001	9820000	1.6661623445836304
9820001	9830000	1.4666041462348136
9830001	9840000	0.8432097012658006
9840001	9850000	1.5092917760448
9850001	9860000	6.953253925350354
9860001	9870000	2.3173324202952
9870001	9880000	8.090030653151068
9880001	9890000	1.0968038006592
9890001	9900000	1.057373501772634
9900001	9910000	3.5789935124089176
9910001	9920000	2.133363214746
9920001	9930000	2.133363214746
9930001	9940000	4.35027657004964
9940001	9950000	1.1865766958730612
9950001	9960000	1.711328904156
9960001	9970000	0.9591125476562494
9970001	9980000	0.37368095456717576
9980001	9990000	3.166942074212621
9990001	10000000	4.327373747996452
10000001	10010000	2.272656206882285
10010001	10020000	2.770001298094801
10020001	10030000	2.758543813549539
10030001	10040000	2.797197038053751
10040001	10050000	1.9785311328728807
10050001	10060000	2.384484022647591
10060001	10070000	4.837520558855268
10070001	10080000	2.432503410111059
10080001	10090000	1.6576153057255991
10090001	10100000	2.6300623901317777
10100001	10110000	3.720768962676204
10110001	10120000	2.000062758169789
10120001	10130000	2.822970209568308
10130001	10140000	0.6887075709404107
10140001	10150000	3.771178110659185
10150001	10160000	1.5445107415164
10160001	10170000	0.8186192867046658
10170001	10180000	2.2576603607886643
10180001	10190000	1.418970910726987
10190001	10200000	7.400215901489948
10200001	10210000	7.856123122714095
10210001	10220000	8.469810624288002
10220001	10230000	4.707142117639085
10230001	10240000	4.4418504431004
10240001	10250000	4.4418504431004
10250001	10260000	4.4418504431004
10260001	10270000	4.4418504431004
10270001	10280000	4.4418504431004
10280001	10290000	1.9744615204671219
10290001	10300000	3.701479858891905
10300001	10310000	5.858558751032277
10310001	10320000	0.9234861397441053
10320001	10330000	0.9583010390496
10330001	10340000	1.377255463513972
10340001	10350000	2.9037445266419692
10350001	10360000	2.095892321655064
10360001	10370000	1.7594920529556002
10370001	10380000	1.0917529139856867
10380001	10390000	1.7497327859354472
10390001	10400000	3.1986462085038263
10400001	10410000	1.2032788665417047
10410001	10420000	1.6307718578961028
10420001	10430000	2.2181476155444
10430001	10440000	2.2181476155444
10440001	10450000	2.2432298400363746
10450001	10460000	2.3235370042304977
10460001	10470000	2.173581353260706
10470001	10480000	1.710486437377501
10480001	10490000	1.380173547348
10490001	10500000	1.380173547348
10500001	10510000	1.2522966933387378
10510001	10520000	0.6764414470824
10520001	10530000	0.7747230121139973
10530001	10540000	5.045706384390248
10540001	10550000	0.49775200402028535
10550001	10560000	2.4864969858333392
10560001	10570000	3.999229940655578
10570001	10580000	2.5083130584804003
10580001	10590000	2.5083130584804003
10590001	10600000	2.5083130584804003
10600001	10610000	2.5083130584804003
10610001	10620000	2.5083130584804003
10620001	10630000	1.7384798302735898
10630001	10640000	1.4310873351048
10640001	10650000	1.2761351646495094
10650001	10660000	1.4685442959396897
10660001	10670000	2.1803244389534573
10670001	10680000	2.074677020377683
10680001	10690000	1.3530216585067814
10690001	10700000	2.49551215323903
10700001	10710000	1.4578268869860083
10710001	10720000	1.2347337729877563
10720001	10730000	1.4606971544676
10730001	10740000	1.4599548163405587
10740001	10750000	1.4594027361348
10750001	10760000	3.4822000592333886
10760001	10770000	3.8973317977692
10770001	10780000	3.8976746514316907
10780001	10790000	4.287811274435807
10790001	10800000	3.467144776685955
10800001	10810000	2.967356428801707
10810001	10820000	2.5302346639752713
10820001	10830000	0.5413211348723095
10830001	10840000	13.967456994121147
10840001	10850000	3.9579641700566266
10850001	10860000	3.9446859351108
10860001	10870000	3.9446859351108
10870001	10880000	3.9446859351108
10880001	10890000	3.943185930786293
10890001	10900000	3.258134460607111
10900001	10910000	3.2259918906463922
10910001	10920000	3.2177621568689707
10920001	10930000	1.8636264707075512
10930001	10940000	2.4666222764086796
10940001	10950000	3.0742480924377635
10950001	10960000	4.315383053707414
10960001	10970000	1.3952742704510177
10970001	10980000	0.8148451161145654
10980001	10990000	2.9934606936488417
10990001	11000000	2.522333485931202
11000001	11010000	2.4807527348112
11010001	11020000	2.3491323911623665
11020001	11030000	0.9002165830888689
11030001	11040000	2.0767382715469647
11040001	11050000	2.697603715416359
11050001	11060000	3.3903581013590585
11060001	11070000	2.799821142225535
11070001	11080000	2.1039767742335487
11080001	11090000	4.195083750506682
11090001	11100000	2.5890742652538123
11100001	11110000	2.747606178193629
11110001	11120000	1.4412679298988638
11120001	11130000	1.3079025053878561
11130001	11140000	2.842964288633687
11140001	11150000	5.528498399322988
11150001	11160000	4.3346348944238695
11160001	11170000	3.188386157997786
11170001	11180000	3.4012459717236
11180001	11190000	1.7947933660855728
11190001	11200000	1.5344691839708622
11200001	11210000	3.884339177307058
11210001	11220000	2.0915501136475574
11220001	11230000	4.21643647047048
11230001	11240000	5.098756749833903
11240001	11250000	4.991722549165738
11250001	11260000	2.1538333792561843
11260001	11270000	1.9457801107878534
11270001	11280000	3.5044955035296432
11280001	11290000	3.3727494599952155
11290001	11300000	3.7046586860401347
11300001	11310000	1.2541273751639752
11310001	11320000	5.351962439590137
11320001	11330000	3.1345409269309767
11330001	11340000	4.9896929659409075
11340001	11350000	5.155830021834
11350001	11360000	3.622416959713697
11360001	11370000	1.633594424444081
11370001	11380000	7.575430281678532
11380001	11390000	4.1842396643816295
11390001	11400000	5.072617115005946
11400001	11410000	1.2126394473219617
11410001	11420000	0.7954738944313107
11420001	11430000	2.1493361967440885
11430001	11440000	4.550710275204897
11440001	11450000	4.7138940293772
11450001	11460000	5.559892299293379
11460001	11470000	7.048300577166055
11470001	11480000	1.560964362615092
11480001	11490000	2.3505794958456616
11490001	11500000	3.0985028761907527
11500001	11510000	4.594857588208326
11510001	11520000	11.657621467271126
11520001	11530000	8.546242014143004
11530001	11540000	3.6976296007743357
11540001	11550000	6.36819369872361
11550001	11560000	6.7953563760931015
11560001	11570000	7.950683866067822
11570001	11580000	4.557157896969029
11580001	11590000	9.34741779706003
11590001	11600000	9.393769973710942
11600001	11610000	4.134386172434993
11610001	11620000	8.698047879710407
11620001	11630000	5.504513960232001
11630001	11640000	5.504513960232001
11640001	11650000	5.504513960232001
11650001	11660000	5.504513960232001
11660001	11670000	4.569907491467793
11670001	11680000	1.7160971961158886
11680001	11690000	3.6229388422183413
11690001	11700000	4.53342267601536
11700001	11710000	5.023170324445456
11710001	11720000	5.562088555058904
11720001	11730000	4.423370712132663
11730001	11740000	3.2943057674000396
11740001	11750000	4.206396891766942
11750001	11760000	2.6719212524238913
11760001	11770000	5.388039501941867
11770001	11780000	2.768214332012746
11780001	11790000	4.649368219333848
11790001	11800000	2.4473675286444
11800001	11810000	5.250821089169029
11810001	11820000	4.55608286097
11820001	11830000	4.55608286097
11830001	11840000	4.55608286097
11840001	11850000	4.55608286097
11850001	11860000	7.780936143496822
11860001	11870000	7.706204750992339
11870001	11880000	5.1571244401667995
11880001	11890000	5.1571244401667995
11890001	11900000	4.80730053451012
11900001	11910000	5.1633425507736375
11910001	11920000	6.599077041855965
11920001	11930000	5.941919488524
11930001	11940000	4.648023313292594
11940001	11950000	3.219934347240281
11950001	11960000	4.453045376460481
11960001	11970000	6.809281167602739
11970001	11980000	7.978470998796
11980001	11990000	7.978470998796
11990001	12000000	5.408400945020176
12000001	12010000	4.560233224584749
12010001	12020000	9.997940027182814
12020001	12030000	3.6872108653674704
12030001	12040000	3.8545620586896
12040001	12050000	3.8486317350319745
12050001	12060000	6.0746837107322085
12060001	12070000	4.7957659889268
12070001	12080000	4.219122259069189
12080001	12090000	3.947521822301985
12090001	12100000	3.1310522928899736
12100001	12110000	0.02419744301637566
12110001	12120000	1.173312843532909
12120001	12130000	1.8556114431776343
12130001	12140000	4.662128158392373
12140001	12150000	6.262693755925005
12150001	12160000	2.0690524216104333
12160001	12170000	2.4507077320049224
12170001	12180000	2.6192554964208004
12180001	12190000	2.2357651371574074
12190001	12200000	5.68583225096973
12200001	12210000	5.807570838948938
12210001	12220000	5.419334524532074
12220001	12230000	2.972298118884023
12230001	12240000	2.9755916492948717
12240001	12250000	1.6316783066941438
12250001	12260000	3.2640504863355724
12260001	12270000	3.7118277141082157
12270001	12280000	2.1405436185938127
12280001	12290000	0.19423588083435608
12290001	12300000	0.7172541788156575
12300001	12310000	0.10273232323017653
12310001	12320000	2.9379754294846547
12320001	12330000	4.9260168336648
12330001	12340000	3.661912616478446
12340001	12350000	0.04623998725660018
12350001	12360000	0.03969225949336801
12360001	12370000	0.03969225949336801
12370001	12380000	1.0282354179617943
12380001	12390000	6.277298685524766
12390001	12400000	10.781338818844878
12400001	12410000	9.186661584242252
12410001	12420000	3.025190909929982
12420001	12430000	5.3664973390008885
12430001	12440000	5.451703763323055
12440001	12450000	15.350812173190699
12450001	12460000	10.083356786932788
12460001	12470000	3.525361041647551
12470001	12480000	7.995500139859217
12480001	12490000	2.5571234164464003
12490001	12500000	8.336380677337875
12500001	12510000	9.309525625814418
12510001	12520000	9.912008383416
12520001	12530000	9.338647012599578
12530001	12540000	3.811347390275103
12540001	12550000	5.240574576121401
12550001	12560000	4.250270877552614
12560001	12570000	4.2756255555300005
12570001	12580000	7.083890145177384
12580001	12590000	8.769048500990978
12590001	12600000	5.4430585466099375
12600001	12610000	3.3956968326912
12610001	12620000	6.198591048087445
12620001	12630000	2.5452518582631494
12630001	12640000	0.354044092407588
12640001	12650000	0.027248668616707727
12650001	12660000	0.3702250534533057
12660001	12670000	0.49049825357568005
12670001	12680000	0.49049825357568005
12680001	12690000	0.49049825357568005
12690001	12700000	0.9363994517341843
12700001	12710000	0.5262431897565876
12710001	12720000	4.559882085566023
12720001	12730000	6.540048626472001
12730001	12740000	6.126873741031096
12740001	12750000	2.3403453741568274
12750001	12760000	2.7084592556335707
12760001	12770000	4.706859049114316
12770001	12780000	0.9898732677979483
12780001	12790000	0.837221103973535
12790001	12800000	6.159310149346822
12800001	12810000	17.717079431348722
12810001	12820000	4.517951454249601
12820001	12830000	4.982825068117722
12830001	12840000	9.369752812803322
12840001	12850000	2.0626546878076937
12850001	12860000	17.048434158015997
12860001	12870000	7.092542183151455
12870001	12880000	13.632117187349452
12880001	12890000	8.81821130080751
12890001	12900000	8.868643349208101
12900001	12910000	10.071949085717046
12910001	12920000	10.072731993072
12920001	12930000	10.072731993072
12930001	12940000	10.96793230115503
12940001	12950000	13.164234444576
12950001	12960000	13.104880078475588
12960001	12970000	15.584141805169828
12970001	12980000	6.95210512908
12980001	12990000	5.290458999272657
12990001	13000000	6.709240768514168
13000001	13010000	8.154382827762204
13010001	13020000	6.382105610770855
13020001	13030000	5.96712269798276
13030001	13040000	8.330121312540001
13040001	13050000	8.330121312540001
13050001	13060000	11.328493001297703
13060001	13070000	10.736960872854908
13070001	13080000	6.752914804421309
13080001	13090000	6.808640430528
13090001	13100000	7.9814275581363106
13100001	13110000	7.270225633949271
13110001	13120000	11.295194020650762
13120001	13130000	13.90421025816
13130001	13140000	13.90421025816
13140001	13150000	13.90421025816
13150001	13160000	13.90421025816
13160001	13170000	13.90421025816
13170001	13180000	13.90421025816
13180001	13190000	13.90421025816
13190001	13200000	13.905027899073554
13200001	13210000	13.905288940104002
13210001	13220000	13.905288940104002
13220001	13230000	13.905288940104002
13230001	13240000	13.90640828835729
13240001	13250000	26.99666343523365
13250001	13260000	17.07264560032871
13260001	13270000	9.732897944274733
13270001	13280000	21.185207318758085
13280001	13290000	2.8314047661698836
13290001	13300000	2.4592453302385984
13300001	13310000	2.0252173223628924
13310001	13320000	8.167883071632374
13320001	13330000	9.353815125278423
13330001	13340000	9.354329818368004
13340001	13350000	9.354329818368004
13350001	13360000	9.354329818368004
13360001	13370000	10.246164822161646
13370001	13380000	11.721466871711081
13380001	13390000	11.514887230557777
13390001	13400000	13.786094585292
13400001	13410000	13.786094585292
13410001	13420000	7.23977893538041
13420001	13430000	7.0545799137600005
13430001	13440000	6.893497577636711
13440001	13450000	10.150816689529364
13450001	13460000	10.379753836944591
13460001	13470000	7.035856217296913
13470001	13480000	7.623288055619499
13480001	13490000	3.404479300355572
13490001	13500000	1.1953320710381445
13500001	13510000	7.287262158590261
13510001	13520000	9.792004537132746
13520001	13530000	5.928575621175299
13530001	13540000	11.872442055100336
13540001	13550000	4.3361935466856005
13550001	13560000	8.541126068385918
13560001	13570000	10.036854708009978
13570001	13580000	8.273590126757728
13580001	13590000	8.118954619567011
13590001	13600000	5.724565076808
13600001	13610000	4.74889233967024
13610001	13620000	3.696888145548329
13620001	13630000	4.422641631006638
13630001	13640000	20.8368077155274
13640001	13650000	10.854890688823762
13650001	13660000	7.853172215667219
13660001	13670000	4.168709000013587
13670001	13680000	7.141088868103163
13680001	13690000	3.80481189907989
13690001	13700000	7.596924815417885
13700001	13710000	10.944125362090574
13710001	13720000	7.532108909506483
13720001	13730000	8.68608635406
13730001	13740000	6.4919577223955365
13740001	13750000	1.4996715079799523
13750001	13760000	1.6438034144616005
13760001	13770000	1.3845842271189956
13770001	13780000	3.189041952933203
13780001	13790000	10.68286178046508
13790001	13800000	13.22757632028481
13800001	13810000	13.766305226575978
13810001	13820000	7.934587860393933
13820001	13830000	13.547896209097026
13830001	13840000	9.000756662371089
13840001	13850000	7.179599307478508
13850001	13860000	2.671355834316
13860001	13870000	1.709549136657886
13870001	13880000	5.777750146542784
13880001	13890000	12.485485157474175
13890001	13900000	25.024334814148215
13900001	13910000	8.553587428282508
13910001	13920000	19.870696727958208
13920001	13930000	12.258243547059784
13930001	13940000	8.166375020340523
13940001	13950000	8.145127359144
13950001	13960000	8.702306135790257
13960001	13970000	11.380895565378717
13970001	13980000	20.258987925712766
13980001	13990000	20.348256191616
13990001	14000000	32.865318576450306
14000001	14010000	9.558284249700277
14010001	14020000	8.755882280477223
14020001	14030000	17.485973653212003
14030001	14040000	16.807594569753828
14040001	14050000	27.154199917284
14050001	14060000	18.97500848349177
14060001	14070000	10.964908097669976
14070001	14080000	9.978665965618257
14080001	14090000	9.973301734244842
14090001	14100000	14.709583478371632
14100001	14110000	11.247167130954779
14110001	14120000	10.205447884934928
14120001	14130000	7.375748056479482
14130001	14140000	8.681232285312
14140001	14150000	13.17165405045955
14150001	14160000	10.259343969384
14160001	14170000	10.259343969384
14170001	14180000	22.04915046059368
14180001	14190000	4.995268214469601
14190001	14200000	4.995268214469601
14200001	14210000	10.83604054387001
14210001	14220000	12.593072355228
14220001	14230000	12.593072355228
14230001	14240000	12.593072355228
14240001	14250000	12.593072355228
14250001	14260000	12.593072355228
14260001	14270000	12.593072355228
14270001	14280000	12.593072355228
14280001	14290000	12.593072355228
14290001	14300000	12.593072355228
14300001	14310000	12.475616646940322
14310001	14320000	12.411173232017326
14320001	14330000	11.438657834683964
14330001	14340000	20.901080687916
14340001	14350000	10.578886630102023
14350001	14360000	3.457634221361605
14360001	14370000	12.424330136818106
14370001	14380000	8.499314182692178
14380001	14390000	8.191750117766942
14390001	14400000	10.786819440000002
14400001	14410000	10.786819440000002
14410001	14420000	10.058414982020762
14420001	14430000	10.569336487150164
14430001	14440000	8.283449986262474
14440001	14450000	6.848688379998928
14450001	14460000	7.311581765734325
14460001	14470000	11.876122356091102
14470001	14480000	11.367689666844
14480001	14490000	14.679619371317834
14490001	14500000	20.11465877145086
14500001	14510000	20.155115223167456
14510001	14520000	20.307266277744
14520001	14530000	20.307266277744
14530001	14540000	20.307266277744
14540001	14550000	20.307266277744
14550001	14560000	20.29114300299064
14560001	14570000	9.442158637150952
14570001	14580000	6.345744477529469
14580001	14590000	9.282532446144453
14590001	14600000	10.349413911708002
14600001	14610000	10.349413911708002
14610001	14620000	10.349413911708002
14620001	14630000	10.349413911708002
14630001	14640000	10.795762279623744
14640001	14650000	14.448405298908
14650001	14660000	11.372693844971552
14660001	14670000	3.6660153638364115
14670001	14680000	13.285405915523215
14680001	14690000	16.296467980219507
14690001	14700000	22.03593332219279
14700001	14710000	22.191904205269424
14710001	14720000	12.363094430752195
14720001	14730000	5.303339777676
14730001	14740000	7.403228595438676
14740001	14750000	7.909974695352002
14750001	14760000	7.909974695352002
14760001	14770000	7.909974695352002
14770001	14780000	7.866682065200047
14780001	14790000	3.682506053839916
14790001	14800000	2.891724709019076
14800001	14810000	8.77256139464303
14810001	14820000	10.446495286668002
14820001	14830000	10.446495286668002
14830001	14840000	8.193301871857772
14840001	14850000	11.070011355183446
14850001	14860000	4.136673787167786
14860001	14870000	4.983968309176117
14870001	14880000	2.8631951335317645
14880001	14890000	2.2846708889004166
14890001	14900000	8.971853358107914
14900001	14910000	13.01044875538151
14910001	14920000	8.111147723717606
14920001	14930000	1.1767826626102686
14930001	14940000	1.2417218349006596
14940001	14950000	2.0500914447836394
14950001	14960000	8.63003695078117
14960001	14970000	11.010106602408
14970001	14980000	11.010106602408
14980001	14990000	11.010106602408
14990001	15000000	11.010106602408
15000001	15010000	8.052787870009993
15010001	15020000	19.346532972712975
15020001	15030000	16.14845922611051
15030001	15040000	6.336177739056001
15040001	15050000	6.336177739056001
15050001	15060000	3.6295832894589344
15060001	15070000	0.6594102225451147
15070001	15080000	0.4114848011776801
15080001	15090000	0.4114848011776801
15090001	15100000	0.8142599780825571
15100001	15110000	0.4477562398580791
15110001	15120000	0.7784303179070079
15120001	15130000	0.1310328891474
15130001	15140000	0.1310328891474
15140001	15150000	0.08761756954933375
15150001	15160000	0.023056031672275157
15160001	15170000	0.049423049310192
15170001	15180000	0.3847160403691615
15180001	15190000	0.00935349270724535
15190001	15200000	0.0024346585573077366
15200001	15210000	0.005291955212030204
15210001	15220000	0.008571746067996
15220001	15230000	0.01873783806422272
15230001	15240000	0.015176636304830925
15240001	15250000	0.008317177129212
15250001	15260000	0.008317177129212
15260001	15270000	0.19890815899071737
15270001	15280000	1.3448648813826534
15280001	15290000	1.4917092603576
15290001	15300000	1.4917092603576
15300001	15310000	1.4917092603576
15310001	15320000	1.2308305979698895
15320001	15330000	1.4403639998232
15330001	15340000	0.4292559480258944
15340001	15350000	1.2283691218206971
15350001	15360000	2.3247753257088006
15360001	15370000	2.3247753257088006
15370001	15380000	2.0396047087276616
15380001	15390000	0.8214526697357711
15390001	15400000	1.4105207267206694
15400001	15410000	0.7396693600436918
15410001	15420000	3.5736109283409703
15420001	15430000	4.848945132814424
15430001	15440000	1.3385331882637725
15440001	15450000	3.630078913069523
15450001	15460000	1.8350006304074407
15460001	15470000	1.9217853012489887
15470001	15480000	2.025309204329089
15480001	15490000	2.8897081023379165
15490001	15500000	3.4744884757212007
15500001	15510000	5.391299726429586
15510001	15520000	3.0427576159152827
15520001	15530000	1.7580928261097135
15530001	15540000	1.7921954674128715
15540001	15550000	0.8554487156892
15550001	15560000	1.3154924394651781
15560001	15570000	2.6230308832248
